posted,neighborhood,post title,number bedrooms,sqft,URL,price,Sauna,bedrooms,longitude,name,latitude,bathrooms_level_two,streetAddress,country,locality,postal,region,housing_type
2023-01-31,Downtown,Luxury 2 Bed + Den 2.5 Bath Condo with In-Home Infrared Sauna,2.0,2750.0,https://vancouver.craigslist.org/van/apa/d/vancouver-luxury-bed-den-25-bath-condo/7579339114.html,8995,True,2.0,-123.1139,Luxury 2 Bed + Den 2.5 Bath Condo with In-Home Infrared Sauna,49.2788,3.0,,CA,Vancouver,V6B2P2,BC,Apartment
2023-01-24,Port Moody,5 Beds 3 Bath plus Sauna on Ioco Rd,5.0,4253.0,https://vancouver.craigslist.org/pml/apa/d/port-moody-beds-bath-plus-sauna-on-ioco/7574540378.html,6000,True,5.0,-122.8626,5 Beds 3 Bath plus Sauna on Ioco Rd,49.3231,3.0,,CA,Port Moody,V3H,BC,House
2023-01-05,Downtown,"Water View 2bdrm, 2Bath, Pool, Gym, Hot Tub, Steam, Sauna",2.0,880.0,https://vancouver.craigslist.org/van/apa/d/vancouver-water-view-2bdrm-2bath-pool/7566250466.html,5995,True,2.0,-123.120625,"Water View 2bdrm, 2Bath, Pool, Gym, Hot Tub, Steam, Sauna",49.273928,2.0,Davie St,CA,Vancouver,V6Z2Y1,BC,Apartment
2023-02-02,Coquitlam,Burquitlam close to SFU 1 bedroom apartment move in now,1.0,550.0,https://vancouver.craigslist.org/pml/apa/d/coquitlam-north-burquitlam-close-to-sfu/7582271466.html,2250,True,1.0,-122.8716,Burquitlam close to SFU 1 bedroom apartment move in now,49.265,1.0,,CA,Coquitlam North,V3J,BC,Apartment
2023-02-02,Coquitlam,"Luxury High Rise -2 Br, 2 Ba -Available Immediately - Must See",2.0,865.0,https://vancouver.craigslist.org/pml/apa/d/coquitlam-luxury-high-rise-br-ba/7579372888.html,2880,True,2.0,-122.886744,"Luxury High Rise -2 Br, 2 Ba -Available Immediately - Must See",49.261784,2.0,570 Emerson St,CA,Coquitlam,V3J3X7,BC,Apartment
2023-02-02,Downtown,City & Mountain View 1 Bedroom Apartment Rental at Waterworks,1.0,600.0,https://vancouver.craigslist.org/van/apa/d/vancouver-city-mountain-view-bedroom/7582130326.html,2800,True,,,,,,,,,,,
2023-02-02,Downtown,Furnished 1 Bedroom Water & City View Apartment Rental at West One,1.0,721.0,https://vancouver.craigslist.org/van/apa/d/vancouver-furnished-bedroom-water-city/7579956476.html,3000,True,,,,,,,,,,,
2023-02-02,Delta,Windsor Woods 3rd Floor Unfurnished 2 Bedroom Apartment,2.0,869.0,https://vancouver.craigslist.org/rds/apa/d/delta-windsor-woods-3rd-floor/7581682980.html,2600,True,2.0,-123.069738,Windsor Woods 3rd Floor Unfurnished 2 Bedroom Apartment,49.027849,2.0,,CA,Delta,V4M4E9,BC,Apartment
2023-02-02,Downtown,40th Floor Unfurnished Luxury 2 Bedroom at Shangri-La,2.0,1619.0,https://vancouver.craigslist.org/van/apa/d/vancouver-40th-floor-unfurnished-luxury/7575316646.html,6700,True,2.0,-123.123769,40th Floor Unfurnished Luxury 2 Bedroom at Shangri-La,49.285525,3.0,,CA,Vancouver,V6E4T9,BC,Apartment
2023-02-02,Vancouver,PET FRIENDLY 1 BED + DEN + 1 BATH IN VANCOUVER,1.0,533.0,https://vancouver.craigslist.org/van/apa/d/vancouver-pet-friendly-bed-den-bath-in/7585038652.html,2400,True,1.0,-123.117739,PET FRIENDLY 1 BED + DEN + 1 BATH IN VANCOUVER,49.279229,1.0,833 HOMER ST,CA,Vancouver,V6B2W5,BC,Apartment
2023-02-02,Downtown,Fully Furnished 1 BR + 1 Baths #3th floor,1.0,600.0,https://vancouver.craigslist.org/van/apa/d/vancouver-fully-furnished-br-baths-3th/7585034637.html,3300,True,1.0,-123.125614,Fully Furnished 1 BR + 1 Baths #3th floor,49.287744,1.0,,CA,Vancouver,V6E4R3,BC,Apartment
2023-02-02,Downtown,"SHAW TOWER! Stunning Water View, Furnished-Large Balcony #3004",2.0,1356.0,https://vancouver.craigslist.org/van/apa/d/vancouver-shaw-tower-stunning-water/7585033655.html,8000,True,2.0,-123.117932,"SHAW TOWER! Stunning Water View, Furnished-Large Balcony #3004",49.288474,2.0,,CA,Vancouver,V6C3T5,BC,Apartment
2023-02-02,West Vancouver,Luxurious House - Stunning view - West Van,6.0,4864.0,https://vancouver.craigslist.org/nvn/apa/d/west-vancouver-luxurious-house-stunning/7578932603.html,7500,True,6.0,-123.152261,Luxurious House - Stunning view - West Van,49.34614,5.0,CHARTWELL DR,CA,West Vancouver,V7S2R3,BC,House
2023-02-02,West Vancouver,Luxurious House - Stunning view - West Van,6.0,4864.0,https://vancouver.craigslist.org/nvn/apa/d/west-vancouver-luxurious-house-stunning/7578932497.html,7500,True,6.0,-123.153022,Luxurious House - Stunning view - West Van,49.346635,5.0,CHARTWELL DR,CA,West Vancouver,V7S2R3,BC,House
2023-02-02,Port Moody - Inlet Skytrain,Furnished 2 Bed 2 Bath in New Building - Inlet Skytrain,2.0,800.0,https://vancouver.craigslist.org/pml/apa/d/port-moody-furnished-bed-bath-in-new/7582977806.html,3800,True,2.0,-122.830028,Furnished 2 Bed 2 Bath in New Building - Inlet Skytrain,49.27896,2.0,,CA,Port Moody,V3H0E1,BC,Apartment
2023-02-02,Surrey,Great View - 30th Floor: 2BR Condo @ Park Blvd - Avail Mar 1st~,2.0,827.0,https://vancouver.craigslist.org/rds/apa/d/surrey-great-view-30th-floor-2br-condo/7585006845.html,2700,True,2.0,-122.8438,Great View - 30th Floor: 2BR Condo @ Park Blvd - Avail Mar 1st~,49.183493,2.0,,CA,Surrey,V3T0A8,BC,Apartment
2023-02-02,Shaughnessy,Spacious Custom Luxury Home at 4810 Hudson St - available furnished,6.0,6029.0,https://vancouver.craigslist.org/van/apa/d/vancouver-spacious-custom-luxury-home/7584999614.html,15800,True,6.0,-123.134208,Spacious Custom Luxury Home at 4810 Hudson St - available furnished,49.242433,7.0,,CA,Vancouver,V6H3C2,BC,House
2023-02-02,Downtown,"1 Bed + Den, 2 Bath Furnished Condo w/ 1200 sqft Private Patio",1.0,1000.0,https://vancouver.craigslist.org/van/apa/d/vancouver-bed-den-bath-furnished-condo/7585000693.html,6495,True,1.0,-123.13,"1 Bed + Den, 2 Bath Furnished Condo w/ 1200 sqft Private Patio",49.2767,2.0,,CA,Vancouver,V6Z1W7,BC,Apartment
2023-02-02,Fairview Granville Island,Furnished Apartment Unit 408 at Harbour Cove 2 1470 Pennyfarthing Dr,1.0,947.0,https://vancouver.craigslist.org/van/apa/d/vancouver-furnished-apartment-unit-408/7584988665.html,3400,True,1.0,-123.14116,Furnished Apartment Unit 408 at Harbour Cove 2 1470 Pennyfarthing Dr,49.271999,1.0,,CA,Vancouver,V6J4X8,BC,Apartment
2023-02-02,Surrey,"1 Bed + 1 Den, Park Ave by Concord Pacific 3 mins to Skytrain Station",1.0,548.0,https://vancouver.craigslist.org/rds/apa/d/surrey-bed-den-park-ave-by-concord/7584994315.html,1970,True,1.0,-122.841568,"1 Bed + 1 Den, Park Ave by Concord Pacific 3 mins to Skytrain Station",49.183712,1.0,13750 100 Ave,CA,Surrey,V3T1J1,BC,Apartment
2023-02-02,New Westminster,Room for rent,2.0,950.0,https://vancouver.craigslist.org/bnc/apa/d/new-westminster-room-for-rent/7584991838.html,1200,True,2.0,-122.9178,Room for rent,49.2026,1.0,,CA,New Westminster,V3M3X7,BC,Apartment
2023-02-02,Downtown,Short Term All-inclusive furnished Townhouse at Crestmark 1288 Marina,2.0,1216.0,https://vancouver.craigslist.org/van/apa/d/vancouver-short-term-all-inclusive/7584990842.html,4500,True,2.0,-123.120646,Short Term All-inclusive furnished Townhouse at Crestmark 1288 Marina,49.272027,2.0,,CA,Vancouver,V6Z2W5,BC,House
2023-02-02,Mount Pleasant,FULLY FURNISHED 2 BED + FLEX FOR RENT @ CREEKSIDE!!,2.0,1103.0,https://vancouver.craigslist.org/van/apa/d/vancouver-fully-furnished-bed-flex-for/7584990607.html,4500,True,,,,,,,,,,,
2023-02-02,Downtown,Rare 2 level TH at Aqua at the Park 1428 Seymour Mews - furnish avail,2.0,1018.0,https://vancouver.craigslist.org/van/apa/d/vancouver-rare-level-th-at-aqua-at-the/7584982362.html,4600,True,2.0,-123.128627,Rare 2 level TH at Aqua at the Park 1428 Seymour Mews - furnish avail,49.274065,3.0,,CA,Vancouver,V6Z3E4,BC,House
2023-02-02,Downtown,PENTHOUSE WITH BREATHTAKING VIEWS 2Bed & 2Bath - Available April 1st,2.0,1200.0,https://vancouver.craigslist.org/van/apa/d/vancouver-penthouse-with-breathtaking/7584986863.html,6995,True,2.0,-123.127033,PENTHOUSE WITH BREATHTAKING VIEWS 2Bed & 2Bath - Available April 1st,49.277909,2.0,1188 Howe Street,CA,Vancouver,V6Z2X4,BC,Apartment
2023-02-02,Chinatown,Conveniently located Pet friendly Apartment Unit 21XX at 688 Abbott St,2.0,985.0,https://vancouver.craigslist.org/van/apa/d/vancouver-conveniently-located-pet/7584983460.html,3900,True,,,,,,,,,,,
2023-02-02,Downtown,Furnished Coal Harbour with Water Views!  590 Nicola St,2.0,841.0,https://vancouver.craigslist.org/van/apa/d/vancouver-furnished-coal-harbour-with/7579518950.html,4200,True,2.0,-123.128394,Furnished Coal Harbour with Water Views!  590 Nicola St,49.290471,2.0,590 Nicola,CA,Vancouver,V6G2S2,BC,Apartment
2023-02-02,North Vancouver,Furnished Studio,,480.0,https://vancouver.craigslist.org/nvn/apa/d/north-vancouver-southwest-furnished/7584981464.html,2100,True,,,,,,,,,,,
2023-02-02,Coquitlam,Premium one bedroom condo by Bosa,1.0,520.0,https://vancouver.craigslist.org/pml/apa/d/coquitlam-north-premium-one-bedroom/7583987237.html,2350,True,1.0,-122.8716,Premium one bedroom condo by Bosa,49.265,1.0,,CA,Coquitlam North,V3J,BC,Apartment
2023-02-02,Vancouver,Furnished Brand New A/C Unit at One Burrard Place,2.0,900.0,https://vancouver.craigslist.org/van/apa/d/vancouver-furnished-brand-new-c-unit-at/7584971876.html,5000,True,2.0,-123.129763,Furnished Brand New A/C Unit at One Burrard Place,49.277624,2.0,,CA,Vancouver,V6Z1Z1,BC,Apartment
2023-02-02,North Vancouver,Pristine Furnished Two Bed North Shore Condo For Rent (SHORT TERM OK),2.0,1100.0,https://vancouver.craigslist.org/nvn/apa/d/north-vancouver-pristine-furnished-two/7584925382.html,3200,True,2.0,-123.123661,Pristine Furnished Two Bed North Shore Condo For Rent (SHORT TERM OK),49.330303,2.0,2020 Fullerton Ave.,CA,North Vancouver,V7P3G3,BC,Apartment
2023-02-02,Downtown,Spacious 1 Bedroom + Den Condo for Rent,1.0,750.0,https://vancouver.craigslist.org/van/apa/d/vancouver-spacious-bedroom-den-condo/7584969267.html,2500,True,1.0,-123.119638,Spacious 1 Bedroom + Den Condo for Rent,49.274007,1.0,198 Aquarius Mews,CA,Vancouver,V6Z2X9,BC,Apartment
2023-02-02,Richmond  – Riva Iii,Oversized View Deck! Like New High Rise in Centre Richmond,2.0,815.0,https://vancouver.craigslist.org/rch/apa/d/richmond-oversized-view-deck-like-new/7584163341.html,2899,True,2.0,-123.14337,Oversized View Deck! Like New High Rise in Centre Richmond,49.176612,2.0,7008 River Parkway,CA,Richmond,V6X2A3,BC,Apartment
2023-02-02,Burnaby Newwest,Vanpm.com 1Bed 1Bath KingsCrossing Condo Double Fridge + AC,1.0,562.0,https://vancouver.craigslist.org/bnc/apa/d/burnaby-vanpmcom-1bed-1bath/7576818795.html,2350,True,1.0,-122.949843,Vanpm.com 1Bed 1Bath KingsCrossing Condo Double Fridge + AC,49.218539,1.0,,CA,Burnaby,V3N3B7,BC,Apartment
2023-02-02,Downtown,FURNISHED VIEW 1BR PLUS DEN-FIRENZE II,1.0,620.0,https://vancouver.craigslist.org/van/apa/d/vancouver-furnished-view-1br-plus-den/7584960935.html,2595,True,1.0,-123.107641,FURNISHED VIEW 1BR PLUS DEN-FIRENZE II,49.278645,1.0,688 Abbott Street,CA,Vancouver,V6B0J4,BC,Apartment
2023-02-02,Vancouver,TV TOWER - 2BR 2Bath 1 Den 1 Flex Newer Highrise,2.0,982.0,https://vancouver.craigslist.org/van/apa/d/vancouver-tv-tower-2br-2bath-den-flex/7584944876.html,3660,True,2.0,-123.115,TV TOWER - 2BR 2Bath 1 Den 1 Flex Newer Highrise,49.2784,2.0,233 robson,CA,Vancouver,V6B0B4,BC,Apartment
2023-02-02,Vancouver,Furnished Executive A/C Unit at the Vantage,1.0,850.0,https://vancouver.craigslist.org/van/apa/d/vancouver-furnished-executive-c-unit-at/7584954479.html,3850,True,1.0,-123.120726,Furnished Executive A/C Unit at the Vantage,49.28796,2.0,,CA,Vancouver,V6E4J6,BC,Apartment
2023-02-02,Vancouver,FUNISHED - Luxury 3 bed with WATER VIEW at FLAGSHIP!,3.0,1293.0,https://vancouver.craigslist.org/van/apa/d/vancouver-funished-luxury-bed-with/7584918731.html,7800,True,3.0,-123.1139,FURNISHED - Luxury 3 bed with WATER VIEW at FLAGSHIP!,49.2788,2.0,,CA,Vancouver,V6B2P2,BC,Apartment
2023-02-02,Station Square,Metrotown! Station Square 1 bed + den/ 1 bath with amazing views!,1.0,640.0,https://vancouver.craigslist.org/bnc/apa/d/burnaby-metrotown-station-square-bed/7584931074.html,2300,True,1.0,-122.9952,Metrotown! Station Square 1 bed + den/ 1 bath with amazing views!,49.2302,1.0,,CA,Burnaby,V5H3G1,BC,Apartment
2023-02-02,Vancouver,Spacious Furnished 3 Bedroom+ 2 Bath in Coal Harbour,3.0,1275.0,https://vancouver.craigslist.org/van/apa/d/vancouver-spacious-furnished-bedroom/7584942088.html,5500,True,3.0,-123.124251,Spacious Furnished 3 Bedroom+ 2 Bath in Coal Harbour,49.28817,2.0,,CA,Vancouver,V6E2S8,BC,Apartment
2023-02-02,North Vancouver,(UniqueAccommodations.com) ID:5163 Lower Lonsdale Pinnacle 1-bed,1.0,560.0,https://vancouver.craigslist.org/nvn/apa/d/north-vancouver-uniqueaccommodationscom/7577052858.html,3950,True,1.0,-123.078397,(UniqueAccommodations.com) ID:5163 Lower Lonsdale Pinnacle 1-bed,49.310646,1.0,133 E Esplanade,CA,North Vancouver,V7L0A7,BC,Apartment
2023-02-02,"Brentwood, Burnaby",(UniqueAccommodations.com) ID:5290 Luxurious 3 bdrm penthouse,3.0,1400.0,https://vancouver.craigslist.org/bnc/apa/d/burnaby-uniqueaccommodationscom-id5290/7582186072.html,6650,True,3.0,-123.013991,(UniqueAccommodations.com) ID:5290 Luxurious 3 bdrm penthouse,49.268239,3.0,1788 Gilmore St,CA,Burnaby,V5C6V1,BC,Apartment
2023-02-02,Richmond,LIKE NEW 2BED+DEN/2BATH Viewstar in Capstan Village,2.0,950.0,https://vancouver.craigslist.org/rch/apa/d/richmond-like-new-2bedden-2bath/7583869438.html,3500,True,2.0,-123.132749,LIKE NEW 2BED+DEN/2BATH Viewstar in Capstan Village,49.189263,2.0,8199 capstan,CA,Richmond,V6X1R5,BC,Apartment
2023-02-02,West Vancouver,(VISTAREALTY.NET)Gorgeous Residence in Excellent Caufeild Neighborhood,6.0,8800.0,https://vancouver.craigslist.org/nvn/apa/d/west-vancouver-vistarealtynetgorgeous/7582937264.html,15000,True,6.0,-123.246099,(VISTAREALTY.NET)Gorgeous Residence in Excellent Caufeild Neighborhood,49.343083,8.0,4550 Piccadilly North,CA,West Vancouver,V7W1E1,BC,House
2023-02-02,"1188 West Pender Street, Vancouver, V6E 2R9",PHENOMENON VIEWS SAPPHIRE DOWNTOWN VANCOUVER 2 BED 2 BATH + DEN,2.0,1100.0,https://vancouver.craigslist.org/van/apa/d/vancouver-phenomenon-views-sapphire/7582993503.html,4000,True,2.0,-123.123146,PHENOMENON VIEWS SAPPHIRE DOWNTOWN VANCOUVER 2 BED 2 BATH + DEN,49.28817,2.0,,CA,Vancouver,V6E4T8,BC,Apartment
2023-02-02,Burnaby,Elegant 1Bedroom + 1Bathroom  in Edmonds Burnaby,1.0,588.0,https://vancouver.craigslist.org/bnc/apa/d/burnaby-elegant-1bedroom-1bathroom-in/7584918190.html,2350,True,1.0,-122.950015,Elegant 1Bedroom + 1Bathroom  in Edmonds Burnaby,49.218772,1.0,,CA,Burnaby,V3N1A7,BC,Apartment
2023-02-02,"3201- 1188 West Pender Street, Vancouver, V6E 2R9",PHENOMENON VIEWS SAPPHIRE DOWNTOWN VANCOUVER 2 BED 2 BATH + DEN,2.0,1100.0,https://vancouver.craigslist.org/van/apa/d/vancouver-phenomenon-views-sapphire/7582993114.html,4000,True,2.0,-123.123254,PHENOMENON VIEWS SAPPHIRE DOWNTOWN VANCOUVER 2 BED 2 BATH + DEN,49.288184,2.0,,CA,Vancouver,V6E4T8,BC,Apartment
2023-02-02,North Vancouver,"2 BD Brand New Large luxury Suite, (Park West at Lions Gate Village)",2.0,1057.0,https://vancouver.craigslist.org/nvn/apa/d/north-vancouver-bd-brand-new-large/7584910263.html,4950,True,2.0,-123.122374,"2 BD Brand New Large luxury Suite, (Park West at Lions Gate Village)",49.325038,2.0,1633 Capilano Road,CA,North Vancouver,V7P3G2,BC,Apartment
2023-02-01,North Vancouver,"2 BD Brand New Large luxury Suite, (Park West at Lions Gate Village)",2.0,1057.0,https://vancouver.craigslist.org/nvn/apa/d/north-vancouver-bd-brand-new-large/7584569493.html,4950,True,,,,,,,,,,,
2023-02-01,Downtown,One Burrard Place Brand New Studio on the 11th floor,,460.0,https://vancouver.craigslist.org/van/apa/d/vancouver-one-burrard-place-brand-new/7584909320.html,2500,True,,,,,,,,,,,
2023-02-01,4400 Buchanan St.,Burnaby Brentwood Two Bedroom Spacious Condo,2.0,900.0,https://vancouver.craigslist.org/bnc/apa/d/burnaby-burnaby-brentwood-two-bedroom/7584187207.html,3300,True,2.0,-123.004637,Burnaby Brentwood Two Bedroom Spacious Condo,49.267242,2.0,,CA,Burnaby,V5C3Z2,BC,Apartment
2023-02-01,North Vancouver,"PARK WEST - Brand New - VIEW, VIEW -",1.0,640.0,https://vancouver.craigslist.org/nvn/apa/d/north-vancouver-park-west-brand-new/7580396246.html,3000,True,1.0,-123.122599,"PARK WEST - Brand New - VIEW, VIEW -",49.3247,1.0,1632 Lions Gate Lane,CA,North Vancouver,V7P3G2,BC,Apartment
2023-02-01,1328 West Pender Street,"1 bed + flex, 1 bath unit at Classico in Coal Harbour",1.0,570.0,https://vancouver.craigslist.org/van/apa/d/vancouver-bed-flex-bath-unit-at/7583383309.html,2400,True,1.0,-123.126526,"1 bed + flex, 1 bath unit at Classico in Coal Harbour",49.288937,1.0,West Pender Street,CA,Vancouver,V6E4P1,BC,Apartment
2023-02-01,North Vancouver,NORTH SHORE LIVING - Best Floor Plan- 2bd/2bth @ Compass - UNFURNISHED,2.0,1000.0,https://vancouver.craigslist.org/nvn/apa/d/north-vancouver-north-shore-living-best/7584893171.html,3495,True,,,,,,,,,,,
2023-02-01,Richmond,D119 - Amazing spacious 3 Bedrooms / 3 Bathrooms at River Green,3.0,1300.0,https://vancouver.craigslist.org/rch/apa/d/richmond-d119-amazing-spacious-bedrooms/7578641508.html,4500,True,3.0,-123.148284,D119 - Amazing spacious 3 Bedrooms / 3 Bathrooms at River Green,49.175496,3.0,6688 PEARSON WAY,CA,Richmond,V7C4N3,BC,Apartment
2023-02-01,Vancouver,D80 - Amazing luxury apartment on the 47th floor,2.0,1100.0,https://vancouver.craigslist.org/van/apa/d/vancouver-d80-amazing-luxury-apartment/7579890484.html,6750,True,2.0,-123.13,D80 - Amazing luxury apartment on the 47th floor,49.2767,2.0,,CA,Vancouver,V6Z1W7,BC,Apartment
2023-02-01,Vancouver,D82 - Incredible 55th Floor Luxury Apartment,2.0,1500.0,https://vancouver.craigslist.org/van/apa/d/vancouver-d82-incredible-55th-floor/7580219760.html,8500,True,2.0,-123.13,D82 - Incredible 55th Floor Luxury Apartment,49.2767,3.0,,CA,Vancouver,V6Z1W7,BC,Apartment
2023-02-01,Vancouver,D81 - Brand new 3 bedroom apartment 49th floor in center of Downtown,3.0,1400.0,https://vancouver.craigslist.org/van/apa/d/vancouver-d81-brand-new-bedroom/7574808270.html,9000,True,3.0,-123.1298,D81 - Brand new 3 bedroom apartment 49th floor in center of Downtown,49.2833,3.0,,CA,Vancouver,V6E,BC,Apartment
2023-02-01,Vancouver,D82 - Incredible 55th Floor Luxury Apartment,2.0,1500.0,https://vancouver.craigslist.org/van/apa/d/vancouver-d82-incredible-55th-floor/7574808496.html,8500,True,2.0,-123.13,D82 - Incredible 55th Floor Luxury Apartment,49.2767,3.0,,CA,Vancouver,V6Z1W7,BC,Apartment
2023-02-01,North Vancouver,"Large, 1 B/R corner apartment.",1.0,630.0,https://vancouver.craigslist.org/van/apa/d/north-vancouver-large-b-corner-apartment/7584899232.html,2086,True,1.0,-123.071165,"Large, 1 B/R corner apartment.",49.315264,1.0,170,CA,North Vancouver,V7L1P2,BC,Apartment
2023-02-01,Olympic Village,Olympic Village Furnished 1 Bed plus Den Condo for Rent,1.0,500.0,https://vancouver.craigslist.org/van/apa/d/vancouver-olympic-village-furnished-bed/7584154569.html,2650,True,1.0,-123.102906,Olympic Village Furnished 1 Bed plus Den Condo for Rent,49.250972,1.0,Quebec Street,CA,Vancouver,V5V3K6,BC,Apartment
2023-02-01,Downtown,Magnificent furnished 2bed/2bath Condo,2.0,1079.0,https://vancouver.craigslist.org/nvn/apa/d/vancouver-magnificent-furnished-2bed/7584896567.html,4800,True,2.0,-123.13,Magnificent furnished 2bed/2bath Condo,49.2767,2.0,,CA,Vancouver,V6Z1W7,BC,Apartment
2023-02-01,North Vancouver,"Quiet, Large, South Facing Studio!",,460.0,https://vancouver.craigslist.org/nvn/apa/d/north-vancouver-quiet-large-south/7584895085.html,1927,True,,,,,,,,,,,
2023-02-01,"Higher Floor Unit -928 Beatty St, Vancouver","Downtown Vancouver! Studio w/ City view,1 Flex,1 Parking near Yaletown",,446.0,https://vancouver.craigslist.org/van/apa/d/vancouver-downtown-vancouver-studio/7575678067.html,2200,True,,,,,,,,,,,
2023-02-01,North Shore,Brand New Unit With The Lions Gate Bridge View In Park West,2.0,945.0,https://vancouver.craigslist.org/nvn/apa/d/north-vancouver-brand-new-unit-with-the/7577955765.html,5600,True,2.0,-123.122492,Brand New Unit With The Lions Gate Bridge View In Park West,49.324535,2.0,1632 Lions Gate Lane,CA,North Vancouver,V7P3G2,BC,Apartment
2023-02-01,Surrey,Two BedroomsPrime - MICRO SUITEs - 2 people max,2.0,440.0,https://vancouver.craigslist.org/rds/apa/d/surrey-inner-northwest-two/7582459314.html,1550,True,2.0,-122.8454,Two BedroomsPrime - MICRO SUITEs - 2 people max,49.1894,1.0,Central Ave,CA,Surrey Inner Northwest,V3T,BC,Apartment
2023-02-01,Burnaby,$3000 / 3 br- 1540ft - Large beautiful townhouse for rent!,3.0,1540.0,https://vancouver.craigslist.org/bnc/apa/d/burnaby-br-1540ft-large-beautiful/7584880005.html,3000,True,3.0,-122.9369,$3000 / 3 br- 1540ft - Large beautiful townhouse for rent!,49.264,2.0,,CA,Burnaby,V5A,BC,House
2023-02-01,North Vancouver,Furnished 2 Beds 2 Baths Apartment (Available only for February),2.0,950.0,https://vancouver.craigslist.org/van/apa/d/north-vancouver-southwest-furnished/7584869746.html,3700,True,2.0,-123.1149,Furnished 2 Beds 2 Baths Apartment (Available only for February),49.322,2.0,1632 Lions Gate,CA,North Vancouver Southwest,V7P,BC,Apartment
2023-02-01,Burnaby,Conveniently located Spacious 2 beds 2 baths North Burnaby (QS42),2.0,963.0,https://vancouver.craigslist.org/bnc/apa/d/burnaby-conveniently-located-spacious/7577394167.html,2925,True,2.0,-123.0074,Conveniently located Spacious 2 beds 2 baths North Burnaby (QS42),49.274,2.0,,CA,Burnaby,V5C,BC,Apartment
2023-02-01,North Vancouver,2 bed/2 Bath + Den Corner Unit For Rent ** Insta Group Realty**,2.0,924.0,https://vancouver.craigslist.org/nvn/apa/d/north-vancouver-southwest-bed-bath-den/7583305621.html,4295,True,2.0,-123.1149,2 bed/2 Bath + Den Corner Unit For Rent ** Insta Group Realty**,49.322,2.0,1632 Lionsgate Lane,CA,North Vancouver Southwest,V7P,BC,Apartment
2023-02-01,North Vancouver,1 Bed/1 Bath For Rent ***Insta Group Realty***,1.0,587.0,https://vancouver.craigslist.org/nvn/apa/d/north-vancouver-bed-bath-for-rent-insta/7582572013.html,2200,True,1.0,-123.122109,1 Bed/1 Bath For Rent ***Insta Group Realty***,49.327736,1.0,"2004 Fullerton Avenue,",CA,North Vancouver,V7P3G8,BC,Apartment
2023-02-01,Downtown,3 Bed 3 Bath Condo w/ Private Balcony & Panoramic Waterviews,3.0,2400.0,https://vancouver.craigslist.org/van/apa/d/vancouver-bed-bath-condo-private/7579648249.html,14995,True,3.0,-123.1139,3 Bed 3 Bath Condo w/ Private Balcony & Panoramic Waterviews,49.2788,3.0,,CA,Vancouver,V6B2P2,BC,Apartment
2023-02-01,Olympic Village,1 Bed 1 Bath Condo w/ Stylish Interior & Balcony,1.0,864.0,https://vancouver.craigslist.org/van/apa/d/vancouver-bed-bath-condo-stylish/7579549539.html,3995,True,1.0,-123.104882,1 Bed 1 Bath Condo w/ Stylish Interior & Balcony,49.2706,1.0,1661 Ontario Street,CA,Vancouver,V5Y0C8,BC,Apartment
2023-02-01,Downtown,1 Bed + Office Den 1 Bath Suite w/ Balcony & City Views,1.0,556.0,https://vancouver.craigslist.org/van/apa/d/vancouver-bed-office-den-bath-suite/7579563591.html,3195,True,1.0,-123.1139,1 Bed + Office Den 1 Bath Suite w/ Balcony & City Views,49.2788,1.0,,CA,Vancouver,V6B2P2,BC,Apartment
2023-02-01,North Vancouver,Roche Point Furnished 2 Level 2 Bed 2 Bath Condo w/ Water Views,2.0,1262.0,https://vancouver.craigslist.org/nvn/apa/d/north-vancouver-outer-east-roche-point/7579127066.html,4250,True,,,,,,,,,,,
2023-02-01,"South Cambie, Vancouver West",Vancouver Brand New Cambie Gardens 1 bed condo for Rent,1.0,580.0,https://vancouver.craigslist.org/van/apa/d/vancouver-vancouver-brand-new-cambie/7584847601.html,2600,True,1.0,-123.1396,Vancouver Brand New Cambie Gardens 1 bed condo for Rent,49.2151,1.0,,CA,Vancouver,V6P4Z2,BC,Apartment
2023-01-28,"South Cambie, Vancouver West",Vancouver Brand New Cambie Gardens 1 bed condo for Rent,1.0,580.0,https://vancouver.craigslist.org/van/apa/d/vancouver-vancouver-brand-new-cambie/7583516224.html,2600,True,,,,,,,,,,,
2023-02-01,Beach Crescent,Executive View 3 Bedroom with Large Decks @ Waterford,3.0,1343.0,https://vancouver.craigslist.org/van/apa/d/vancouver-executive-view-bedroom-with/7580731117.html,5500,True,3.0,-123.126856,Executive View 3 Bedroom with Large Decks @ Waterford,49.271611,2.0,505-1483 Homer Street,CA,Vancouver,V6Z3C8,BC,Apartment
2023-02-01,Richmond,Concord Gardens 2 Bed 2 Bath + Den,2.0,,https://vancouver.craigslist.org/rch/apa/d/richmond-concord-gardens-bed-bath-den/7577895466.html,3200,True,2.0,-123.131158,Concord Gardens 2 Bed 2 Bath + Den,49.188267,2.0,8833 Hazelbridge Way,CA,Richmond,V6X1R3,BC,Apartment
2023-02-01,Downtown,Stunning 2 Bed 2 Bath Luxury Condo in Shangri-La,2.0,1095.0,https://vancouver.craigslist.org/van/apa/d/vancouver-stunning-bed-bath-luxury/7582599565.html,5995,True,2.0,-123.1158,Stunning 2 Bed 2 Bath Luxury Condo in Shangri-La,49.2866,2.0,,CA,Vancouver,V6C2Y2,BC,Apartment
2023-02-01,Granville At 70Th,4 BDRM + Den Townhouse for rent,4.0,1530.0,https://vancouver.craigslist.org/van/apa/d/vancouver-bdrm-den-townhouse-for-rent/7578973510.html,4500,True,4.0,-123.141879,4 BDRM + Den Townhouse for rent,49.209635,4.0,,CA,Vancouver,V6P2V3,BC,Apartment
2023-02-01,Coquitlam,Burquitlam 1 Bed + Den 1 Bath Condo in Lougheed Heights,1.0,720.0,https://vancouver.craigslist.org/van/apa/d/coquitlam-north-burquitlam-bed-den-bath/7577875267.html,2495,True,1.0,-122.8716,Burquitlam 1 Bed + Den 1 Bath Condo in Lougheed Heights,49.265,1.0,,CA,Coquitlam North,V3J,BC,Apartment
2023-02-01,Downtown,3 Bed + Den 2 Bath Condo w/ City and Mountain Views,3.0,1268.0,https://vancouver.craigslist.org/van/apa/d/vancouver-bed-den-bath-condo-city-and/7577873199.html,5295,True,3.0,-123.1158,3 Bed + Den 2 Bath Condo w/ City and Mountain Views,49.2866,2.0,,CA,Vancouver,V6C2Y2,BC,Apartment
2023-02-01,Delta,Tsawwassen - 5 Bed - 5 Bath Newly Renovated House with Indoor Pool,5.0,4500.0,https://vancouver.craigslist.org/rds/apa/d/delta-tsawwassen-bed-bath-newly/7577919090.html,6895,True,5.0,-123.08063,Tsawwassen - 5 Bed - 5 Bath Newly Renovated House with Indoor Pool,49.011715,5.0,Tralee Crescent,CA,Delta,V4M3R9,BC,House
2023-02-01,Dunbar - Southlands,Luxury House for Rent - 5 Bed 7 Bath w/ Private Outdoor Patio,5.0,5000.0,https://vancouver.craigslist.org/van/apa/d/vancouver-luxury-house-for-rent-bed/7577917077.html,14995,True,5.0,-123.2088,Luxury House for Rent - 5 Bed 7 Bath w/ Private Outdoor Patio,49.2491,7.0,,CA,Vancouver,V6S,BC,House
2023-02-01,Burnaby,Prime Location -The core of the Amazing Brentwood furnished Condo,1.0,850.0,https://vancouver.craigslist.org/bnc/apa/d/burnaby-prime-location-the-core-of-the/7582980514.html,2900,True,1.0,-123.008767,Prime Location -The core of the Amazing Brentwood furnished Condo,49.267211,1.0,Madison Ave,CA,Burnaby,V5C5A6,BC,Apartment
2023-02-01,Vancouver,Yaletown Furnished Luxury Condo w/ Unobstructed View @ The Mark (4503),2.0,955.0,https://vancouver.craigslist.org/van/apa/d/vancouver-yaletown-furnished-luxury/7574542185.html,4950,True,2.0,-123.127468,Yaletown Furnished Luxury Condo w/ Unobstructed View @ The Mark (4503),49.274549,2.0,,CA,Vancouver,V6B3P3,BC,Apartment
2023-02-01,Vancouver,Downtown Furnished Luxury Condo w/ Water Views @ The Discovery (2206),1.0,961.0,https://vancouver.craigslist.org/van/apa/d/vancouver-downtown-furnished-luxury/7584812100.html,4995,True,1.0,-123.131826,Downtown Furnished Luxury Condo w/ Water Views @ The Discovery (2206),49.274231,2.0,,CA,Vancouver,V6Z2N1,BC,Apartment
2023-02-01,Sechelt,31' liveaboard trawler boat in exhange for handiman work - Sechelt,1.0,250.0,https://vancouver.craigslist.org/van/apa/d/sechelt-31-liveaboard-trawler-boat-in/7584791285.html,123,True,,,,,,,,,,,
2023-02-01,No 3 Rd. & Capstan Way,"★ ★ 3 Bd/3 Bath + Storage, Beautiful View  ★",3.0,1357.0,https://vancouver.craigslist.org/rch/apa/d/richmond-bd-bath-storage-beautiful-view/7581687276.html,3880,True,3.0,-123.131729,"★ ★ 3 Bd/3 Bath + Storage, Beautiful View  ★",49.189891,3.0,No 3 rd,CA,Richmond,V6X2B6,BC,Apartment
2023-02-01,Vancouver,BRAND NEW condo @ Cambie Gardens - 1bed 1bath,1.0,530.0,https://vancouver.craigslist.org/van/apa/d/vancouver-brand-new-condo-cambie/7582753222.html,2450,True,1.0,-123.117481,BRAND NEW condo @ Cambie Gardens - 1bed 1bath,49.217268,1.0,,CA,Vancouver,V6P1X5,BC,Apartment
2023-02-01,"Vancouver, Bc",RARE VACANCY in this Luxury Condo! Available For Rent!,1.0,555.0,https://vancouver.craigslist.org/van/apa/d/vancouver-rare-vacancy-in-this-luxury/7580140905.html,2950,True,1.0,-123.1139,RARE VACANCY in this Luxury Condo! Available For Rent!,49.2788,1.0,One Pacific,CA,Vancouver,V6B2P2,BC,Apartment
2023-02-01,Vancouver,Just Listed! Bright Furnished 1 Bedroom Condo + Den Space For Rent!,1.0,560.0,https://vancouver.craigslist.org/van/apa/d/vancouver-just-listed-bright-furnished/7582329200.html,2950,True,1.0,-123.1139,Just Listed! Bright Furnished 1 Bedroom Condo + Den Space For Rent!,49.2788,1.0,Spectrum 3,CA,Vancouver,V6B2P2,BC,Apartment
2023-02-01,Vancouver,House in South Granville Area,5.0,3500.0,https://vancouver.craigslist.org/van/apa/d/vancouver-house-in-south-granville-area/7582631015.html,5900,True,,,,,,,,,,,
2023-02-01,Brentwood,Bright 1 bedroom unfurnished townhouse loft available Now,1.0,750.0,https://vancouver.craigslist.org/bnc/apa/d/burnaby-bright-bedroom-unfurnished/7574334219.html,2500,True,1.0,-123.012362,Bright 1 bedroom unfurnished townhouse loft available Now,49.264465,2.0,4178 Dawson st,CA,Burnaby,V5C0K1,BC,House
2023-02-01,Downtown,"sub penthouse with views of false Creek, mountain &Lion Gate",2.0,1072.0,https://vancouver.craigslist.org/van/apa/d/vancouver-sub-penthouse-with-views-of/7583673434.html,6200,True,2.0,-123.129959,"sub penthouse with views of false Creek, mountain &Lion Gate",49.277689,2.0,Hornby street,CA,Vancouver,V6Z1Z1,BC,Apartment
2023-02-01,One Burrard Place Dt Vancouver,"fantastic Ocean, Stanley park views with 2 parking stalls",2.0,1076.0,https://vancouver.craigslist.org/van/apa/d/vancouver-fantastic-ocean-stanley-park/7583678448.html,6800,True,2.0,-123.129787,"fantastic Ocean, Stanley park views with 2 parking stalls",49.277465,2.0,Hornby street,CA,Vancouver,V6Z1W7,BC,Apartment
2023-02-01,Richmond,Furnished brand new 2B2B apartment at Richmond,2.0,800.0,https://vancouver.craigslist.org/rch/apa/d/richmond-furnished-brand-new-2b2b/7584724790.html,3400,True,2.0,-123.133707,Furnished brand new 2B2B apartment at Richmond,49.166492,2.0,8133 Cook Rd,CA,Richmond,V6Y1T8,BC,Apartment
2023-02-01,North Vancouver,Brand New One-Bedroom Apartment in North Vancouver,1.0,585.0,https://vancouver.craigslist.org/nvn/apa/d/north-vancouver-brand-new-one-bedroom/7580882061.html,2850,True,1.0,-123.122964,Brand New One-Bedroom Apartment in North Vancouver,49.324758,1.0,1632 Lions Gate Lane,CA,North Vancouver,V7P3G2,BC,Apartment
2023-02-01,Surrey,Surrey Park Boulevard luxury 1bed 1den apartment for rent,1.0,600.0,https://vancouver.craigslist.org/rds/apa/d/surrey-inner-northwest-surrey-park/7576088700.html,2000,True,1.0,-122.8454,Surrey Park Boulevard luxury 1bed 1den apartment for rent,49.1894,1.0,Whalley Blvd,CA,Surrey Inner Northwest,V3T,BC,Apartment
2023-02-01,North Vancouver,2 bed 2 bath corner unit brand new Lower capilano balcony storage Park,2.0,811.0,https://vancouver.craigslist.org/nvn/apa/d/north-vancouver-southwest-bed-bath/7584716857.html,3500,True,2.0,-123.1149,2 bed 2 bath corner unit brand new Lower capilano balcony storage Park,49.322,2.0,1675 Lions Gate Lane,CA,North Vancouver Southwest,V7P,BC,Apartment
2023-02-01,Vancouver,Vancouver west side 3 bedrooms 2 bathroom for rent,3.0,1200.0,https://vancouver.craigslist.org/van/apa/d/vancouver-vancouver-west-side-bedrooms/7584705835.html,5500,True,3.0,-123.1396,Vancouver west side 3 bedrooms 2 bathroom for rent,49.2151,2.0,,CA,Vancouver,V6P4Z2,BC,Apartment
2023-02-01,Burquitlam,NEW FURNISHED Utilities/WiFi included 40th Fl 2BED+DEN 567 CLARKE&COMO,2.0,1216.0,https://vancouver.craigslist.org/bnc/apa/d/coquitlam-new-furnished-utilities-wifi/7578955454.html,3900,True,2.0,-122.891594,NEW FURNISHED Utilities/WiFi included 40th Fl 2BED+DEN 567 CLARKE&COMO,49.260338,2.0,clarke,CA,Coquitlam,V3J7X7,BC,Apartment
2023-02-01,Coquitlam,NEW FURNISHED Short or Long Term 2 BED + DEN w A/C Burquitlam,2.0,1216.0,https://vancouver.craigslist.org/bnc/apa/d/coquitlam-new-furnished-short-or-long/7577209135.html,3900,True,2.0,-122.891594,NEW FURNISHED Short or Long Term 2 BED + DEN w A/C Burquitlam,49.260338,2.0,clarke,CA,Coquitlam,V3J7X7,BC,Apartment
2023-02-01,Downtown,"Modern,  Furnished + Pet Friendly Condo w/ Parking",1.0,600.0,https://vancouver.craigslist.org/van/apa/d/vancouver-modern-furnished-pet-friendly/7584706825.html,2900,True,1.0,-123.118127,"Modern,  Furnished + Pet Friendly Condo w/ Parking",49.27592,1.0,1008 Cambie Street,CA,Vancouver,V6B6J6,BC,Apartment
2023-02-01,Downtown,☆☆☆ ☆ ☆ One Bedroom+Den+Flex (FURNISHED)☆☆☆,2.0,581.0,https://vancouver.craigslist.org/van/apa/d/vancouver-one-bedroomdenflex-furnished/7580672315.html,3000,True,2.0,-123.113887,☆☆☆ ☆ ☆ One Bedroom+Den+Flex (FURNISHED)☆☆☆,49.275365,1.0,68 Smithe Street,CA,Vancouver,V6B8P8,BC,Apartment
2023-02-01,North Vancouver,"Luxury studio suite, two weeks free promotion!",,453.0,https://vancouver.craigslist.org/nvn/apa/d/north-vancouver-luxury-studio-suite-two/7584693950.html,2500,True,,,,,,,,,,,
2023-02-01,Downtown,2 BED+DEN at TV Towers 2 Unfurnished,2.0,980.0,https://vancouver.craigslist.org/van/apa/d/vancouver-bedden-at-tv-towers/7584704552.html,4000,True,2.0,-123.115464,2 BED+DEN at TV Towers 2 Unfurnished,49.278284,2.0,233 Robson Street,CA,Vancouver,V6B0B4,BC,Apartment
2023-02-01,Lions Gate Village,Brand new Jr. 2 Bedroom + 1 Bath luxury Condo at Park West ~VIEW VIEW,2.0,619.0,https://vancouver.craigslist.org/nvn/apa/d/north-vancouver-brand-new-jr-bedroom/7575576125.html,3000,True,2.0,-123.122584,Brand new Jr. 2 Bedroom + 1 Bath luxury Condo at Park West ~VIEW VIEW,49.324958,1.0,1632 Lions Gate Lane,CA,North Vancouver,V7P3G2,BC,Apartment
2023-02-01,Burnaby Newwest,Spacious 1 Bed 1 Bath High Rise Condo in Edmonds Burnaby,1.0,588.0,https://vancouver.craigslist.org/bnc/apa/d/burnaby-spacious-bed-bath-high-rise/7584701065.html,2350,True,1.0,-122.949543,Spacious 1 Bed 1 Bath High Rise Condo in Edmonds Burnaby,49.218763,1.0,,CA,Burnaby,V3N3B7,BC,Apartment
2023-02-01,Coquitlam,Two Bedrooms Plus Den,2.0,1049.0,https://vancouver.craigslist.org/pml/apa/d/port-coquitlam-central-two-bedrooms/7575406810.html,2950,True,2.0,-122.7649,Two Bedrooms Plus Den,49.274,2.0,1178,CA,Port Coquitlam Central,V3B,BC,Apartment
2023-02-01,Burnaby,Apartment available for rent,2.0,830.0,https://vancouver.craigslist.org/bnc/apa/d/burnaby-apartment-available-for-rent/7584699842.html,3200,True,2.0,-123.00877,Apartment available for rent,49.221044,2.0,6000 McKay Ave,CA,Burnaby,V5J3R9,BC,Apartment
2023-02-01,North Vancouver,Bright One Bedroom View Apartment,1.0,588.0,https://vancouver.craigslist.org/nvn/apa/d/north-vancouver-southwest-bright-one/7584699813.html,1850,True,1.0,-123.1149,Bright One Bedroom View Apartment,49.322,1.0,,CA,North Vancouver Southwest,V7P,BC,Apartment
2023-02-01,No 3 Rd. & Capstan Way,"★ ★ 3 Bd/3 Bath + Storage, Beautiful View  ★",3.0,1357.0,https://vancouver.craigslist.org/rch/apa/d/richmond-bd-bath-storage-beautiful-view/7582784528.html,3880,True,3.0,-123.132041,"★ ★ 3 Bd/3 Bath + Storage, Beautiful View  ★",49.189804,3.0,No 3 rd,CA,Richmond,V6X2B6,BC,Apartment
2023-02-01,Fairview,Large 1BR+2 solariums in Fairview,1.0,712.0,https://vancouver.craigslist.org/van/apa/d/vancouver-large-1br2-solariums-in/7581861513.html,2495,True,1.0,-123.134487,Large 1BR+2 solariums in Fairview,49.263737,1.0,1268 West Broadway,CA,Vancouver,V6H4C2,BC,Apartment
2023-02-02,Coquitlam,BEST!! New Kitchen & New Floors,2.0,1050.0,https://vancouver.craigslist.org/pml/apa/d/port-coquitlam-best-new-kitchen-new/7585044018.html,1950,False,2.0,-122.772936,BEST!! New Kitchen & New Floors,49.271379,1.0,2161 Prairie Ave,CA,Port Coquitlam,V3B1Y1,BC,House
2023-02-02,Vancouver,South Vancouver Cozy Bright Laneway spacious bedrooms,2.0,700.0,https://vancouver.craigslist.org/van/apa/d/vancouver-south-vancouver-cozy-bright/7578642906.html,2500,False,2.0,-123.0683,South Vancouver Cozy Bright Laneway spacious bedrooms,49.222,1.0,,CA,Vancouver,V5P,BC,House
2023-02-02,Langley,"Brand New Townhouse -2 Br plus den, 2.5 Ba -Must See",2.0,1290.0,https://vancouver.craigslist.org/rds/apa/d/langley-brand-new-townhouse-br-plus-den/7583386132.html,2930,False,2.0,-122.662904,"Brand New Townhouse -2 Br plus den, 2.5 Ba -Must See",49.155578,3.0,20189 84 Ave,CA,Langley,V2Y1Z6,BC,House
2023-02-02,Delta,"4 Bedroom home in North Delta, Big yard,FULLY FURNISHED",4.0,3200.0,https://vancouver.craigslist.org/rds/apa/d/delta-northeast-bedroom-home-in-north/7585043624.html,4000,False,4.0,-122.9124,"4 Bedroom home in North Delta, Big yard,FULLY FURNISHED",49.1551,3.0,,CA,Delta Northeast,V4C,BC,House
2023-02-02,Surrey,Newly renovated house for rent,4.0,,https://vancouver.craigslist.org/rds/apa/d/surrey-newly-renovated-house-for-rent/7581774952.html,2500,False,4.0,-122.8453,Newly renovated house for rent,49.1387,2.0,Scott road 120st,CA,Surrey,V3W0H9,BC,House
2023-02-02,Delta,"5 Bedroom home in North Delta, Big yard. FULLY FURNISHED",4.0,3200.0,https://vancouver.craigslist.org/rds/apa/d/delta-northeast-bedroom-home-in-north/7585043180.html,4000,False,4.0,-122.9124,"5 Bedroom home in North Delta, Big yard. FULLY FURNISHED",49.1551,3.0,,CA,Delta Northeast,V4C,BC,House
2023-02-02,Vancouver,Studio Apartment,,,https://vancouver.craigslist.org/van/apa/d/vancouver-studio-apartment/7583693097.html,1475,False,,,,,,,,,,,
2023-02-02,Vancouver,Beautiful updated one bedroom Feb 15,1.0,600.0,https://vancouver.craigslist.org/van/apa/d/vancouver-beautiful-updated-one-bedroom/7585042581.html,1900,False,1.0,-123.138961,Beautiful updated one bedroom Feb 15,49.206341,1.0,8738 French St,CA,Vancouver,V6P3B7,BC,Apartment
2023-02-02,Vancouver,3 bedrooms suite in Dunbar,3.0,1400.0,https://vancouver.craigslist.org/van/apa/d/vancouver-bedrooms-suite-in-dunbar/7585042586.html,3800,False,3.0,-123.187702,3 bedrooms suite in Dunbar,49.255839,2.0,19th ave,CA,Vancouver,V5M3V9,BC,House
2023-02-02,Vancouver,House for rent,3.0,680.0,https://vancouver.craigslist.org/van/apa/d/vancouver-house-for-rent/7585042503.html,2250,False,3.0,-123.066273,House for rent,49.228624,2.0,Beatrice street,CA,Vancouver,V5P3X1,BC,House
2023-02-02,Surrey,"South Surrey 2 bedroom Condo for rent ,close Top school ,South Ridge",2.0,950.0,https://vancouver.craigslist.org/rds/apa/d/surrey-south-surrey-bedroom-condo-for/7575440830.html,2500,False,2.0,-122.8251,"South Surrey 2 bedroom Condo for rent ,close Top school ,South Ridge",49.1064,2.0,,CA,Surrey,V3Z,BC,Apartment
2023-02-02,North Vancouver,(ORCA_REF#202-241)***Vibrant Lifestyle Awaits at this 662 sqft 1 bed,1.0,662.0,https://vancouver.craigslist.org/nvn/apa/d/north-vancouver-orcaref-vibrant/7585042336.html,2150,False,1.0,-123.0576,(ORCA_REF#202-241)***Vibrant Lifestyle Awaits at this 662 sqft 1 bed,49.316,1.0,241 St. Andrews Avenue,CA,North Vancouver,V7L3W7,BC,Apartment
2023-02-02,Burnaby,Newly renovated 3 bedroom 1 bathroom upper floor for rent,3.0,1200.0,https://vancouver.craigslist.org/van/apa/d/burnaby-newly-renovated-bedroom/7583379300.html,3000,False,3.0,-122.96526,Newly renovated 3 bedroom 1 bathroom upper floor for rent,49.221114,1.0,6667 Elwell street,CA,Burnaby,V5E2W2,BC,House
2023-02-02,Richmond,2 Bedroom Pet Friendly Suite with Pool,2.0,,https://vancouver.craigslist.org/rch/apa/d/richmond-bedroom-pet-friendly-suite/7585042184.html,2190,False,,,,,,,,,,,
2023-02-02,Mount Pleasant,Elegant 2 BdRm Main Flr of Hse 2500/Mth,2.0,1200.0,https://vancouver.craigslist.org/van/apa/d/vancouver-elegant-bdrm-main-flr-of-hse/7576744252.html,2500,False,,,,,,,,,,,
2023-02-02,Delta,"3 Bedroom home in Ladner, Big yard, close to amenities",3.0,2000.0,https://vancouver.craigslist.org/rds/apa/d/delta-northeast-bedroom-home-in-ladner/7585041818.html,3600,False,3.0,-122.9124,"3 Bedroom home in Ladner, Big yard, close to amenities",49.1551,1.0,,CA,Delta Northeast,V4C,BC,House
2023-02-02,Mount Pleasant,Furnished 3 Brm Grd Flr 2200/Mnth,3.0,850.0,https://vancouver.craigslist.org/van/apa/d/vancouver-furnished-brm-grd-flr-2200/7578642543.html,2200,False,,,,,,,,,,,
2023-02-02,Downtown,Available Feb 1st Furnished 2 Bedroom Loft 833 Seymour Robson Downtown,2.0,1125.0,https://vancouver.craigslist.org/van/apa/d/vancouver-available-feb-1st-furnished/7583107952.html,3600,False,2.0,-123.11923,Available Feb 1st Furnished 2 Bedroom Loft 833 Seymour Robson Downtown,49.280684,2.0,833 Seymour Street,CA,Vancouver,V6B1H3,BC,Apartment
2023-02-02,New Westminster,Beautiful studio with utilities and wifi included,,100.0,https://vancouver.craigslist.org/bnc/apa/d/new-westminster-beautiful-studio-with/7585041527.html,1200,False,,,,,,,,,,,
2023-02-02,Surrey,2bedroom  2 washroom for rent,2.0,1000.0,https://vancouver.craigslist.org/rds/apa/d/surrey-2bedroom-washroom-for-rent/7578185795.html,1850,False,2.0,-122.827606,2bedroom  2 washroom for rent,49.105956,2.0,,CA,Surrey,V3X1B1,BC,House
2023-02-02,Surrey,2bedroom  2 washroom for rent,2.0,1000.0,https://vancouver.craigslist.org/rds/apa/d/surrey-2bedroom-washroom-for-rent/7574535651.html,1800,False,2.0,-122.8228,2bedroom  2 washroom for rent,49.10708,2.0,,CA,Surrey,V3X1A9,BC,House
2023-02-02,Surrey,2bedroom  2 washroom for rent,2.0,1000.0,https://vancouver.craigslist.org/rds/apa/d/surrey-2bedroom-washroom-for-rent/7577854666.html,1850,False,2.0,-122.760201,2bedroom  2 washroom for rent,49.106691,2.0,,CA,Surrey,V3S1H8,BC,Apartment
2023-02-02,New Westminster,Beautiful One Bedroom Suite Utilities included and pet friendly,1.0,400.0,https://vancouver.craigslist.org/bnc/apa/d/new-westminster-beautiful-one-bedroom/7585040642.html,1700,False,1.0,-122.910769,Beautiful One Bedroom Suite Utilities included and pet friendly,49.210561,1.0,240 Third St,CA,New Westminster,V3L1L9,BC,Apartment
2023-02-02,Burnaby,Ground Level 2 Bed 1 Bath Suite for rent,2.0,700.0,https://vancouver.craigslist.org/rds/apa/d/surrey-northeast-ground-level-bed-bath/7585036544.html,1650,False,2.0,-122.7326,Ground Level 2 Bed 1 Bath Suite for rent,49.1707,1.0,110 Ave,CA,Surrey Northeast,V4N,BC,Apartment
2023-02-02,New Westminster,Fully renovated   1 bedroom apartment,1.0,,https://vancouver.craigslist.org/bnc/apa/d/new-westminster-southwest-fully/7585039130.html,1900,False,1.0,-122.923547,Beautiful big fully renovated   1 bedroom apartment,49.206143,1.0,1012 4 th ave,CA,New Westminster,V3M3Y6,BC,Apartment
2023-02-02,Surrey,North Surrey - 2 story Rancher available now,4.0,,https://vancouver.craigslist.org/rds/apa/d/surrey-outer-northwest-north-surrey/7585038383.html,3000,False,4.0,-122.873,North Surrey - 2 story Rancher available now,49.1889,2.0,,CA,Surrey Outer Northwest,V3V,BC,House
2023-02-02,Vancouver,1 Bedroom Short Term Fully Furnished Executive Garden Apartment,1.0,500.0,https://vancouver.craigslist.org/van/apa/d/vancouver-bedroom-short-term-fully/7585038210.html,2300,False,1.0,-123.0667,1 Bedroom Short Term Fully Furnished Executive Garden Apartment,49.2795,1.0,,CA,Vancouver,V5L1W7,BC,Apartment
2023-02-02,Downtown,1 Bedroom Luxury Furnished Apartment Rental at The Murchies Building,1.0,797.0,https://vancouver.craigslist.org/van/apa/d/vancouver-bedroom-luxury-furnished/7585037033.html,2790,False,1.0,-123.120062,1 Bedroom Luxury Furnished Apartment Rental at The Murchies Building,49.277155,1.0,,CA,Vancouver,V6B2X1,BC,Apartment
2023-02-02,New Westminster,Luxury 1 bedroom/high ceilings/in suite laundry/close to Skytrain,1.0,523.0,https://vancouver.craigslist.org/bnc/apa/d/new-westminster-luxury-bedroom-high/7583654240.html,2225,False,1.0,-122.908446,Luxury 1 bedroom/high ceilings/in suite laundry/close to Skytrain,49.20454,1.0,527 Carnarvon Street,CA,New Westminster,V3L0J4,BC,Apartment
2023-02-02,Downtown,"Fully furnished 2BR+2 Baths at the Hudson, all appliances. #1407",2.0,900.0,https://vancouver.craigslist.org/van/apa/d/vancouver-fully-furnished-2br2-baths-at/7585035634.html,4250,False,2.0,-123.116494,"Fully furnished 2BR+2 Baths at the Hudson, all appliances. #1407",49.283141,2.0,,CA,Vancouver,V6C2N3,BC,Apartment
2023-02-02,New Westminster,Call me Home near Queens Park,2.0,,https://vancouver.craigslist.org/bnc/apa/d/new-westminster-call-me-home-near/7585037035.html,1750,False,2.0,-122.902744,Call me Home near Queens Park,49.20993,1.0,52 Royal Avenue,CA,New Westminster,V3L2G1,BC,Apartment
2023-02-02,Vancouver,Boutique Fully Reno’d Pet Friendly Junior 1BR,1.0,400.0,https://vancouver.craigslist.org/van/apa/d/vancouver-boutique-fully-renod-pet/7584025671.html,1850,False,1.0,-123.1393,Boutique Fully Reno’d Pet Friendly Junior 1BR,49.2064,1.0,,CA,Vancouver,V6P4W8,BC,Apartment
2023-02-02,North Vancouver,2 bedroom suite -North Vancouver,2.0,800.0,https://vancouver.craigslist.org/nvn/apa/d/north-vancouver-bedroom-suite-north/7585036796.html,2100,False,2.0,-123.067717,2 bedroom suite -North Vancouver,49.313009,1.0,318 6th Street West,CA,North Vancouver,V7L1P7,BC,Apartment
2023-02-02,Kitsilano,Monthly Rental Kitsilano fully furnished 1 Bedroom on Broadway,1.0,670.0,https://vancouver.craigslist.org/van/apa/d/vancouver-monthly-rental-kitsilano/7585036732.html,2850,False,1.0,-123.151996,Monthly Rental Kitsilano fully furnished 1 Bedroom on Broadway,49.263597,1.0,Broadway,CA,Vancouver,V6J1Z4,BC,Apartment
2023-02-02,Vancouver,Newer 2 Bedrooms Laneway House for Rent,2.0,716.0,https://vancouver.craigslist.org/van/apa/d/vancouver-newer-bedrooms-laneway-house/7585036467.html,2650,False,2.0,-123.076422,Newer 2 Bedrooms Laneway House for Rent,49.215513,2.0,1448-3,CA,Vancouver,V5P2G6,BC,House
2023-02-02,Surrey,2 Bedroom Basement Suite,2.0,,https://vancouver.craigslist.org/rds/apa/d/surrey-bedroom-basement-suite/7585036299.html,1400,False,2.0,-122.777779,2 Bedroom Basement Suite,49.01657,1.0,18 - 172 Street,CA,Surrey,V4A1A1,BC,House
2023-02-02,Mount Pleasant,ELEGANT 2 BRm MAIN Flr 2500/mnth,2.0,1200.0,https://vancouver.craigslist.org/van/apa/d/vancouver-elegant-brm-main-flr-2500-mnth/7585036034.html,2500,False,,,,,,,,,,,
2023-02-02,Burnaby,2BED/DEN Rental Homes at The Amazing Brentwood (FIRST MONTH FREE),2.0,885.0,https://vancouver.craigslist.org/bnc/apa/d/burnaby-2bed-den-rental-homes-at-the/7585029787.html,3375,False,2.0,-123.002543,2BED/DEN Rental Homes at The Amazing Brentwood (FIRST MONTH FREE),49.266957,2.0,1820 Willingdon Ave,CA,Burnaby,V5C6R5,BC,Apartment
2023-02-02,Vancouver,Fully Furnished 2 Bed/2 Bath at COAL HARBOUR - #401,2.0,1000.0,https://vancouver.craigslist.org/van/apa/d/vancouver-fully-furnished-bed-bath-at/7585034853.html,4200,False,2.0,-123.126687,Fully Furnished 2 Bed/2 Bath at COAL HARBOUR - #401,49.289607,2.0,588 Broughton St,CA,Vancouver,V6E4P1,BC,Apartment
2023-02-02,Mount Pleasant,Beautiful studio at The DUKE,,417.0,https://vancouver.craigslist.org/van/apa/d/vancouver-beautiful-studio-at-the-duke/7582920307.html,2375,False,,,,,,,,,,,
2023-02-02,Downtown,2 BED 1 BATH BURNABY MAIN LEVEL OF HOUSE FOR RENT -  1 FEB,2.0,,https://vancouver.craigslist.org/van/apa/d/burnaby-bed-bath-burnaby-main-level-of/7579642181.html,2600,False,2.0,-122.936239,2 BED 1 BATH BURNABY MAIN LEVEL OF HOUSE FOR RENT -  1 FEB,49.216644,1.0,Davies Street,CA,Burnaby,V3N2K1,BC,Apartment
2023-02-02,Burnaby,Amazing Brentwood Tower 2 2b2b,2.0,733.0,https://vancouver.craigslist.org/bnc/apa/d/burnaby-amazing-brentwood-tower-2b2b/7581909964.html,3000,False,2.0,-123.007,Amazing Brentwood Tower 2 2b2b,49.274,2.0,,CA,Burnaby,V5C,BC,Apartment
2023-02-02,Burnaby,2BED/DEN Rental Homes at The Amazing Brentwood (FIRST MONTH FREE),2.0,885.0,https://vancouver.craigslist.org/bnc/apa/d/burnaby-2bed-den-rental-homes-at-the/7585030200.html,3520,False,2.0,-123.002543,2BED/DEN Rental Homes at The Amazing Brentwood (FIRST MONTH FREE),49.266957,2.0,1820 Willingdon Ave,CA,Burnaby,V5C6R5,BC,Apartment
2023-02-02,Coquitlam,"LARGE, BRIGHT AND CLEAN 2 BEDROOM SUITE",2.0,1100.0,https://vancouver.craigslist.org/pml/apa/d/large-bright-and-clean-bedroom-suite/7585033367.html,2150,False,2.0,-122.776852,"LARGE, BRIGHT AND CLEAN 2 BEDROOM SUITE",49.287795,1.0,,,,,,
2023-02-02,Burnaby,Family home --Burnaby North,3.0,1354.0,https://vancouver.craigslist.org/bnc/apa/d/burnaby-family-home-burnaby-north/7585032334.html,3050,False,,,,,,,CA,Burnaby,V5B,BC,Apartment
2023-02-02,New Westminster,Very Spacious Bachelor Suite RENOVATED!!,1.0,,https://vancouver.craigslist.org/bnc/apa/d/new-westminster-southwest-very-spacious/7585032162.html,1350,False,3.0,-122.9761,Family home --Burnaby North,49.2769,2.0,251 Phillips Street,CA,New Westminster Southwest,V3M,BC,House
2023-02-02,North Shore,Brand new 2 bed 2 bath in the luxurious Park West,2.0,811.0,https://vancouver.craigslist.org/nvn/apa/d/burnaby-brand-new-bed-bath-in-the/7585031772.html,3750,False,1.0,-122.9384,Very Spacious Bachelor Suite RENOVATED!!,49.1886,1.0,301-1632,CA,Burnaby,V3J7J4,BC,Apartment
2023-02-02,Downtown,Fabulous View!  Spacious 1Bed + Solarium + den @ AquariusⅡ,1.0,754.0,https://vancouver.craigslist.org/van/apa/d/vancouver-fabulous-view-spacious-1bed/7585030805.html,2900,False,2.0,-122.893204,Brand new 2 bed 2 bath in the luxurious Park West,49.264669,2.0,198 Aquarius Mews,CA,Vancouver,V6Z2X9,BC,Apartment
2023-02-02,Downtown,"2 elevators, Quartz countertops, Full size stainless steel appliances",2.0,691.0,https://vancouver.craigslist.org/van/apa/d/vancouver-elevators-quartz-countertops/7582114542.html,3800,False,1.0,-123.119735,Fabulous View!  Spacious 1Bed + Solarium + den @ AquariusⅡ,49.274187,1.0,1022 Nelson Street,CA,Vancouver,V6E,BC,Apartment
2023-02-02,Mount Pleasant,Furnished Top Floor 1 Bedroom 1 Bath 488 Kingsway - March 1st,1.0,577.0,https://vancouver.craigslist.org/van/apa/d/vancouver-furnished-top-floor-bedroom/7585030341.html,2100,False,2.0,-123.1298,"2 elevators, Quartz countertops, Full size stainless steel appliances",49.2833,1.0,488 Kingsway Street,CA,Vancouver,V5V3C7,BC,Apartment
2023-02-02,Surrey,"Mirrored closet doors, Elevator (in one building), Private balconies",1.0,758.0,https://vancouver.craigslist.org/rds/apa/d/white-rock-mirrored-closet-doors/7582183992.html,2650,False,1.0,-123.083458,Furnished Top Floor 1 Bedroom 1 Bath 488 Kingsway - March 1st,49.253726,1.0,1371 Blackwood Street,CA,White Rock,V4B3W6,BC,Apartment
2023-02-02,Richmond,V7C 0G1  Richmond Center New AC Condo 1 Bedroom +1Parking South Facing,1.0,600.0,https://vancouver.craigslist.org/rch/apa/d/richmond-v7c-0g1-richmond-center-new-ac/7583991640.html,2700,False,1.0,-122.8058,"Mirrored closet doors, Elevator (in one building), Private balconies",49.0259,1.0,,,,,,
2023-02-02,Vancouver,Vancouver Dunbar /16 Av W/Quesnel Dr House 4 Beds with 3 Bathroom,4.0,1050.0,https://vancouver.craigslist.org/van/apa/d/vancouver-vancouver-dunbar-16-av/7583990167.html,4600,False,,,,,,3520 BLENHEIM STREET,CA,Vancouver,V6L2X9,BC,House
2023-02-02,Mount Pleasant,"Large Bright 1-Bedroom, 2-level False Creek Townhome",1.0,873.0,https://vancouver.craigslist.org/van/apa/d/vancouver-large-bright-bedroom-level/7585029794.html,2750,False,4.0,-123.178542,Vancouver Dunbar /16 Av W/Quesnel Dr House 4 Beds with 3 Bathroom,49.255217,3.0,1355 West 4th Avenue,CA,Vancouver,V6H2T9,BC,Apartment
2023-02-02,West Vancouver,One Bedroom - Ocean view! AVAILABLE NOW- Ambleside Beach Seawall,1.0,750.0,https://vancouver.craigslist.org/nvn/apa/d/west-vancouver-south-one-bedroom-ocean/7585029649.html,2295,False,1.0,-123.135012,"Large Bright 1-Bedroom, 2-level False Creek Townhome",49.266733,1.0,,CA,West Vancouver South,V7V,BC,Apartment
2023-02-02,New Westminster,Beautiful Renovated Spacious 2 bdrm suite,2.0,,https://vancouver.craigslist.org/bnc/apa/d/new-westminster-southwest-beautiful/7585029520.html,0,False,1.0,-123.1912,One Bedroom - Ocean view! AVAILABLE NOW- Ambleside Beach Seawall,49.3397,1.0,,CA,New Westminster Southwest,V3M,BC,House
2023-02-02,Kitsilano,UBC big townhouse for rent，2 bedrooms plus den,2.0,1342.0,https://vancouver.craigslist.org/van/apa/d/vancouver-ubc-big-townhouse-for-rent2/7585029322.html,4950,False,2.0,-122.9384,Beautiful Renovated Spacious 2 bdrm suite,49.1886,1.0,Wesbrook Mall,CA,Vancouver,V6R,BC,House
2023-02-02,Langley,💛🎶 BRAND NEW🎶💛 2Bedrooms2Bathroom2Parking2SecureLockers,2.0,1000.0,https://vancouver.craigslist.org/rds/apa/d/langley-city-brand-new/7585023068.html,2590,False,2.0,-123.1976,UBC big townhouse for rent，2 bedrooms plus den,49.2666,3.0,20360 Langley,CA,Langley City,V3A,BC,Apartment
2023-02-02,Port Moody,"BBQ/Picnic Area, Soaker Tub, Recycling",2.0,910.0,https://vancouver.craigslist.org/pml/apa/d/port-moody-bbq-picnic-area-soaker-tub/7584309904.html,2895,False,2.0,-122.6526,💛🎶 BRAND NEW🎶💛 2Bedrooms2Bathroom2Parking2SecureLockers,49.0997,2.0,3370 Dewdney Trunk Rd.,CA,Port Moody,V3H,BC,Apartment
2023-02-02,Langley,Clayton Heights - Large 1 Bedroom Basement Suite,1.0,900.0,https://vancouver.craigslist.org/rds/apa/d/surrey-northeast-clayton-heights-large/7585028978.html,1500,False,2.0,-122.8626,"BBQ/Picnic Area, Soaker Tub, Recycling",49.3231,2.0,192 Street,CA,Surrey Northeast,V4N,BC,Apartment
2023-02-02,Maple Ridge,Maple Ridge 2 bedroom for rent,2.0,,https://vancouver.craigslist.org/pml/apa/d/maple-ridge-maple-ridge-bedroom-for-rent/7585024602.html,1400,False,1.0,-122.7326,Clayton Heights - Large 1 Bedroom Basement Suite,49.1707,1.0,,CA,Maple Ridge,V2W0A7,BC,House
2023-02-02,Burnaby,Available Now! Brand New 2 Bed 2 Full Bath with big balcony,2.0,835.0,https://vancouver.craigslist.org/bnc/apa/d/burnaby-available-now-brand-new-bed/7582603504.html,2500,False,2.0,-122.547952,Maple Ridge 2 bedroom for rent,49.186653,1.0,,CA,Burnaby,V5A0E2,BC,Apartment
2023-02-02,Burnaby,Available Now! - Brand New 2 Bed 2 Bath - AC/Gas Stove/Big Balcony,2.0,765.0,https://vancouver.craigslist.org/bnc/apa/d/burnaby-available-now-brand-new-bed/7582623194.html,2995,False,2.0,-122.908849,Available Now! Brand New 2 Bed 2 Full Bath with big balcony,49.279824,2.0,4730 LOUGHEED HWY,CA,Burnaby,V5C4A8,BC,Apartment
2023-02-02,Richmond,"1 Bedroom, 1 bathroom apartment",1.0,800.0,https://vancouver.craigslist.org/rch/apa/d/richmond-bedroom-bathroom-apartment/7585027161.html,1600,False,2.0,-122.996278,Available Now! - Brand New 2 Bed 2 Bath - AC/Gas Stove/Big Balcony,49.265704,2.0,7291 Moffatt Rd,CA,Richmond,V6Y3G9,BC,Apartment
2023-02-02,North Vancouver,"Say no to hotels, AirbnB - furnished suite available short-term",1.0,660.0,https://vancouver.craigslist.org/nvn/apa/d/north-vancouver-say-no-to-hotels-airbnb/7585025686.html,2400,False,1.0,-123.14366,"1 Bedroom, 1 bathroom apartment",49.160701,1.0,,CA,North Vancouver,V7G1L4,BC,Apartment
2023-02-02,Coquitlam,2 Storey Home!  Large Front and Enclosed Back yard with Deck & Views,4.0,,https://vancouver.craigslist.org/pml/apa/d/coquitlam-storey-home-large-front-and/7585025765.html,4500,False,1.0,-122.957042,"Say no to hotels, AirbnB - furnished suite available short-term",49.306845,1.0,,CA,Coquitlam,V3K4X9,BC,House
2023-02-02,Surrey,2 Bredrooms and 1 Bathroom Downstair Suite for Rent,2.0,1380.0,https://vancouver.craigslist.org/rds/apa/d/surrey-bredrooms-and-bathroom-downstair/7576843784.html,2000,False,4.0,-122.8521,2 Storey Home!  Large Front and Enclosed Back yard with Deck & Views,49.2366,3.0,15445 110A Avenue,CA,Surrey,V4N1R1,BC,Apartment
2023-02-02,Whiterock,1Bed 1Bath Fully Furnished,1.0,650.0,https://vancouver.craigslist.org/rds/apa/d/white-rock-1bed-1bath-fully-furnished/7585024988.html,2000,False,2.0,-122.773638,2 Bredrooms and 1 Bathroom Downstair Suite for Rent,49.203157,1.0,,CA,White Rock,V4B3W6,BC,House
2023-02-02,Burnaby,Renovated 1 bedroom,1.0,,https://vancouver.craigslist.org/bnc/apa/d/burnaby-renovated-bedroom/7585024680.html,1600,False,1.0,-122.8058,1Bed 1Bath Fully Furnished,49.0259,1.0,,CA,Burnaby,V5H3G1,BC,Apartment
2023-02-02,Surrey,Surrey Fraser Highway one-bed one-bath ground level of house for rent,1.0,,https://vancouver.craigslist.org/rds/apa/d/surrey-surrey-fraser-highway-one-bed/7582121950.html,1200,False,1.0,-122.9952,Renovated 1 bedroom,49.2302,1.0,,CA,Surrey,V4N0E6,BC,Apartment
2023-02-02,South Burnaby New Westminster Border,"2 Bedroom, 1 Bathroom Basement Suite",2.0,,https://vancouver.craigslist.org/bnc/apa/d/burnaby-bedroom-bathroom-basement-suite/7585024218.html,2500,False,1.0,-122.751409,Surrey Fraser Highway one-bed one-bath ground level of house for rent,49.145133,1.0,11th Avenue,CA,Burnaby,V3N,BC,Apartment
2023-02-02,New Westminster,Spacious 1 bedroom/large private patio/in suite laundry,1.0,500.0,https://vancouver.craigslist.org/bnc/apa/d/new-westminster-spacious-bedroom-large/7578236051.html,2265,False,2.0,-122.9301,"2 Bedroom, 1 Bathroom Basement Suite",49.2275,1.0,527 Carnarvon Street,CA,New Westminster,V3L0J4,BC,Apartment
2023-02-02,Coquitlam,1-bed / 1-bath with a large terrace at the LEVO - Unfurnished,1.0,565.0,https://vancouver.craigslist.org/pml/apa/d/coquitlam-bed-bath-with-large-terrace/7581080658.html,2200,False,1.0,-122.908446,Spacious 1 bedroom/large private patio/in suite laundry,49.20454,1.0,2980 atlantic,CA,Coquitlam,V3B7E9,BC,Apartment
2023-02-02,Burnaby,1 bedroom basement suite North Burnaby,1.0,800.0,https://vancouver.craigslist.org/bnc/apa/d/burnaby-bedroom-basement-suite-north/7585016463.html,1800,False,1.0,-122.801617,1-bed / 1-bath with a large terrace at the LEVO - Unfurnished,49.280924,1.0,,CA,Burnaby,V5A,BC,Apartment
2023-02-02,Kitsilano,2BED & 2BATH LUXURY TOWNHOUSE STYLE UNIT WITH MASSIVE DECK IN KITS,2.0,2176.0,https://vancouver.craigslist.org/van/apa/d/vancouver-2bed-2bath-luxury-townhouse/7585021765.html,6250,False,1.0,-122.9369,1 bedroom basement suite North Burnaby,49.264,2.0,3630 West Broadway,CA,Vancouver,V6R2B7,BC,Apartment
2023-02-02,North Vancouver,(ORCA_REF#404-121E)*Bright and Spacious 2 Bed/1Bath unit,2.0,750.0,https://vancouver.craigslist.org/nvn/apa/d/north-vancouver-orcaref-ebright-and/7585021732.html,3000,False,2.0,-123.184369,2BED & 2BATH LUXURY TOWNHOUSE STYLE UNIT WITH MASSIVE DECK IN KITS,49.264345,2.0,121 E 12th Street,CA,North Vancouver,V7L2J3,BC,Apartment
2023-02-02,North Vancouver,FURNISHED /VIEW/GARDEN SUITE,2.0,1000.0,https://vancouver.craigslist.org/nvn/apa/d/north-vancouver-furnished-view-garden/7578199628.html,3480,False,2.0,-123.071242,(ORCA_REF#404-121E)*Bright and Spacious 2 Bed/1Bath unit,49.318943,1.0,2788 Panorama,CA,North Vancouver,V7G2A4,BC,Apartment
2023-02-02,North Vancouver,FURNISHED PENTHOUSE condo for rent,1.0,,https://vancouver.craigslist.org/nvn/apa/d/north-vancouver-furnished-penthouse/7578191645.html,3999,False,2.0,-122.942247,FURNISHED /VIEW/GARDEN SUITE,49.33252,1.0,4323 Gallant,CA,North Vancouver,V7G1K8,BC,Apartment
2023-02-02,West Vancouver,"VIEW HOME ""WITH A BIG HEART""",4.0,3300.0,https://vancouver.craigslist.org/nvn/apa/d/west-vancouver-view-home-with-big-heart/7575730131.html,5500,False,1.0,-122.951584,FURNISHED PENTHOUSE condo for rent,49.326773,1.0,984 Anderson,CA,West Vancouver,V7T1S8,BC,House
2023-02-02,Delta,BRAND NEW with A/C 3 Bed + DEN + 3 Bath Townhouse with Air Condition,3.0,1400.0,https://vancouver.craigslist.org/rds/apa/d/langley-brand-new-with-c-bed-den-bath/7585018686.html,3200,False,4.0,-123.142692,"VIEW HOME ""WITH A BIG HEART""",49.331319,2.0,201 Street,CA,Langley,V2Y2A3,BC,House
